Origin,OriginAirportID,OriginCityName,cluster,AvgDepDelay,AvgArrDelay,AvgWeatherDelay,AvgCarrierDelay,AvgNASDelay,AvgLateAircraftDelay
ALS,10272,"Alamosa, CO",1,21.25131440588854,20.056842105263158,15.532608695652174,131.8695652173913,3.8152173913043477,51.34782608695652
CWA,11203,"Mosinee, WI",2,10.80697350069735,11.327511527176192,8.633294528521537,31.52153667054715,12.772991850989523,36.02561118
CSG,11150,"Columbus, GA",2,11.73055414336553,12.218357651849338,7.265700483091788,41.58574879227053,7.778985507246377,23.86111111111111
XWA,16869,"Williston, ND",3,21.26030659324304,22.406091370558375,21.03074558032283,67.86164488854727,8.009223674096848,14.186010760953113
SAV,14685,"Savannah, GA",0,14.310491259347298,14.026597989326051,3.8689843413302687,26.298879471340324,14.351242637552076,31.41517023416176
BPT,10728,"Beaumont/Port Arthur, TX",2,12.833421891604676,14.390042598509051,21.29982964224872,29.286201022146507,13.635434412265758,21.986371379897786
SPS,14960,"Wichita Falls, TX",2,13.387699316628701,14.953260373917008,16.977746870653686,36.154381084840054,10.248956884561892,20.970792767732963
LAX,12892,"Los Angeles, CA",2,12.166381802012117,11.769390531871172,2.169155577802806,27.37148042,11.437874553316925,23.36347835759674
CID,11003,"Cedar Rapids/Iowa City, IA",0,15.774621991712632,16.440294813266597,7.343168895036115,32.44260027662517,14.028277239895496,32.794990010757644
PWM,14321,"Portland, ME",0,15.335364585499772,15.525970236358331,4.8041422243505325,30.34861726325871,17.710164012929486,31.38920148449659
ROA,14574,"Roanoke, VA",0,15.282214922571562,15.78784177393592,6.690515806988353,37.43261231281198,14.782029950083194,29.154742096505824
PGD,14082,"Punta Gorda, FL",0,17.353880648499484,18.21415205488946,8.923200233168172,23.73491693383853,11.294957738268726,27.97901486
PIA,14108,"Peoria, IL",0,16.634023815430414,17.496517412935322,7.981475463113422,26.175495612609684,15.318167045823854,37.44978875528112
TYR,15411,"Tyler, TX",2,12.744173634584593,14.18152696,10.60644531,25.45019531,13.00585938,22.3671875
TBN,15138,"Fort Leonard Wood, MO",2,11.47138047138047,9.663299663299663,8.369565217391305,49.19565217391305,6.913043478260869,55.869565217391305
CRP,11140,"Corpus Christi, TX",2,10.866784199217674,11.677668616845127,9.633986928104575,19.497885428681275,15.020376778162245,31.096501345636295
DAL,11259,"Dallas, TX",2,14.575961171228517,12.678962306269533,1.628721078654323,17.88161504716912,7.348347246878622,26.18516997
LAN,12884,"Lansing, MI",2,12.730160604629193,13.901441739541479,7.617950754567117,42.013502779984115,12.443208895949166,27.011119936457504
CLL,11049,"College Station/Bryan, TX",0,12.657505285412261,14.632041680234451,13.655140186915888,25.214018691588784,16.067289719626167,23.283177570093457
PVD,14307,"Providence, RI",0,13.978327677828286,14.199640547523147,2.7331353809037764,23.59255822585135,17.66734712814327,33.131112554514246
HLN,12156,"Helena, MT",2,10.92676659528908,12.08525246745816,16.72897196261682,59.639519359145524,10.818424566088117,18.037383177570092
BGR,10581,"Bangor, ME",0,14.769198923618298,15.670991851352053,5.285968028419183,23.350503256364714,25.404973357015987,30.833333333333332
LAR,12888,"Laramie, WY",0,18.02627986348123,19.396032831737347,15.039647577092511,65.30396475770925,19.226872246696036,20.290748898678412
OGD,13829,"Ogden, UT",2,14.943396226415095,15.738095238095237,3.089552239,10.686567164179104,9.298507462686567,21.52238805970149
GGG,11905,"Longview, TX",2,13.263825195575937,14.868449486763911,15.998405103668262,32.70494417862839,10.639553429027114,21.751196172248804
TVC,15380,"Traverse City, MI",0,15.049746140827734,15.73134021677711,8.470853280765981,31.092086736130668,15.294283300478739,26.453956631934666
FOD,11725,"Fort Dodge, IA",1,22.134476534296027,21.62533936651584,4.315942028985507,67.25217391304348,6.628985507246377,57.04637681
CMX,11076,"Hancock/Houghton, MI",1,22.889186773905273,22.833929636255217,19.31699346405229,66.86274509803921,7.568627450980392,27.763071895424837
BDL,10529,"Hartford, CT",0,14.189249165354019,14.52600059588837,2.841401694355815,26.036032566839037,16.057377049180328,30.402354494443834
EGE,11503,"Eagle, CO",1,22.597129388587913,22.847081353287468,6.652830188679245,32.12987421383648,13.647798742138365,44.954402515723274
RDD,14487,"Redding, CA",0,13.681859617137649,13.975650585907777,6.774881516587678,50.01303317535545,14.778436018957345,31.005924170616115
TLH,15249,"Tallahassee, FL",2,11.655843897786433,11.963172353386152,6.442250473356776,28.246686502569652,10.371923180957532,30.03543413578577
SCK,14716,"Stockton, CA",1,25.652430555555554,27.673845085098993,4.278578290105668,19.046109510086456,12.837656099903938,34.74447646493756
OWB,13983,"Owensboro, KY",2,15.148387096774194,16.32792207792208,6.097560975609756,9.219512195,9.231707317073171,32.109756097560975
MSY,13495,"New Orleans, LA",2,14.50653560746602,13.925941736152613,3.123756375940609,19.82233220544417,12.617721327205697,33.14494217463764
JAX,12451,"Jacksonville, FL",0,14.58921477073078,14.623304190533615,4.254112612010164,24.64945833890598,13.42075698809683,34.71173821942847
TUS,15376,"Tucson, AZ",2,11.433061965784828,11.393572610411098,4.4324787867846185,31.390684239032318,11.656075103809352,26.994764397905758
PIR,14120,"Pierre, SD",2,14.92433361994841,15.774720550300946,8.234899328859061,89.90604026845638,13.651006711409396,6.791946308724833
MHK,13290,"Manhattan/Ft. Riley, KS",0,13.263622210690192,13.84399375975039,8.319176319,33.996138996138995,21.203346203346204,34.16216216216216
GNV,11953,"Gainesville, FL",2,13.218796618597713,13.032386646736423,5.9372460496613995,37.25553047404063,9.151241534988714,36.63115124153499
LYH,13139,"Lynchburg, VA",2,10.02004008016032,10.204020100502513,5.021739130434782,14.08695652173913,11.072463768115941,37.38405797101449
FAT,11638,"Fresno, CA",2,13.188375150025719,13.16513743930879,4.782666345226615,37.690453230472514,9.363910318225651,25.058461909353905
RST,14633,"Rochester, MN",2,11.64793061807004,11.94561037248654,14.272563176895307,43.73014440433213,11.808664259927799,23.264440433212997
LNK,13029,"Lincoln, NE",0,16.535110403819374,16.59245960502693,8.686440677966102,53.12832929782083,13.322033898305085,20.271186440677965
MKE,13342,"Milwaukee, WI",2,11.940058749475451,12.222031617894382,4.008019970257064,27.23443807095815,14.640216698534099,25.887136180157214
SUN,15041,"Sun Valley/Hailey/Ketchum, ID",2,13.15451288570438,14.62240519540763,25.172584640792735,42.67877786952931,13.15606936416185,16.85796862
DRT,11415,"Del Rio, TX",2,12.784262636789995,14.11482254697286,19.37890625,46.3828125,10.06640625,24.79296875
PLN,14150,"Pellston, MI",3,20.86559275106972,19.498487140695914,50.61818181818182,80.13636363636364,1.3654545454545455,4.7290909090909095
FAI,11630,"Fairbanks, AK",2,9.924987525641736,10.336052383330559,1.463209530483532,21.283111422564822,9.602662929222145,25.660476524176595
BTR,10781,"Baton Rouge, LA",2,12.67429069074575,13.143132840141524,10.09714986,30.63561140055164,10.840637450199203,30.353662273980998
MFR,13264,"Medford, OR",2,11.95483259633607,12.178458400731415,10.524153248195447,46.133536923931146,9.446973903387008,23.48445308162132
ESC,11587,"Escanaba, MI",3,19.723736600306278,20.053713934929405,31.910280373831775,78.43925234,3.885981308411215,3.2934579439252336
PUB,14288,"Pueblo, CO",2,13.212054794520547,14.10318331503842,14.247706422018348,60.559633027522935,5.481651376146789,30.165137614678898
USA,12544,"Concord, NC",1,25.37831494954236,26.62103034580099,3.286363636363636,20.330303030303032,11.217424242424242,47.278030303030306
HOU,12191,"Houston, TX",2,13.364052128865145,11.755557537695573,2.2399404178909568,19.264854717597128,8.155464414,23.526607900750896
RDU,14492,"Raleigh/Durham, NC",0,14.088990237529114,14.236014213462132,2.708341022328843,24.214038568001477,17.23883557852002,31.582003137110167
FLG,11695,"Flagstaff, AZ",2,15.485194861746136,16.21915566706665,13.113517550410755,56.035100821508586,5.232262882748319,31.487677371172516
DAY,11267,"Dayton, OH",0,11.215272067371764,11.861543708082301,3.840016535758578,28.729640347250932,16.65832988838363,31.610582885489872
SHV,14814,"Shreveport, LA",2,14.789328514361804,15.410892976269894,9.437295528898582,32.150490730643405,9.930479825517994,30.579334787350053
OGS,13832,"Ogdensburg, NY",1,27.013240418118468,26.786713286713287,18.970338983050848,98.54661016949153,2.6610169491525424,38.682203389830505
CHO,10990,"Charlottesville, VA",0,13.410934105720493,14.539131065496482,7.500224921277553,31.21412505623032,22.108412055780477,24.796671165092217
SMF,14893,"Sacramento, CA",2,10.768717172235624,10.113002193884547,1.4927263154977972,21.903987364570924,8.544210147136246,26.663581700795255
BFF,10558,"Scottsbluff, NE",2,15.011723700887199,17.252855329949238,7.283168316831683,56.855445544554456,9.746534653465346,27.114851485148513
PPG,14222,"Pago Pago, TT",1,42.51714285714286,42.47428571428571,11.71,64.2,0,65.8
DLG,11336,"Dillingham, AK",2,12.465210355987056,13.592233009708737,3.1515151515151514,12.572390572390573,7.986531986531986,20.51851851851852
XNA,15919,"Fayetteville, AR",0,12.92794040212961,13.941266179173347,8.692874410037987,24.264878554161392,15.369402555542765,27.80338436744561
ACV,10157,"Arcata/Eureka, CA",1,20.37175972083749,21.41840690258847,15.795759717314487,56.27632508833922,11.453003533568905,32.978091872791516
MOT,13433,"Minot, ND",2,16.231511536099656,16.62905922731673,22.35373054213634,49.24852388620504,10.069779924852389,15.022007514761137
GUC,12012,"Gunnison, CO",1,19.09525124240751,21.165836101882615,7.707482993197279,51.34829931972789,9.428571428571429,30.44625850340136
GCK,11867,"Garden City, KS",2,14.516521739130434,15.756246368390471,18.23877917414722,34.21543985637343,10.662477558348295,28.391382405745063
MQT,13459,"Marquette, MI",3,20.097751906864712,20.131256281407037,37.219832735961766,49.256869772998805,11.243727598566307,17.508960573476703
SGF,14783,"Springfield, MO",0,15.11751632171135,15.720546877175396,8.933544781755021,29.590394200271863,14.261440869959221,27.049539344509892
ITH,12397,"Ithaca/Cortland, NY",0,13.263636363636364,13.551247471341874,20.061624649859944,35.21008403361345,15.252100840336135,37.095238095238095
EAR,11468,"Kearney, NE",1,18.40695652173913,18.956825119930222,20.627986348122867,80.83276450511946,5.436860068259386,35.97952218430034
MDW,13232,"Chicago, IL",2,14.998862683896677,13.174703941970929,1.7708671014110344,21.390264741729176,8.015052709613379,22.092653322778848
SFB,14761,"Sanford, FL",2,16.889454282289616,17.69971388346428,6.639981229469733,25.464382918817456,10.990051618958235,25.477334584702017
CYS,11233,"Cheyenne, WY",0,18.078629032258064,18.05648008068583,26.541666666666668,72.60833333333333,20.979166666666668,25.7375
MYR,13577,"Myrtle Beach, SC",0,13.207616141845605,13.203380541694308,3.35064595,19.617929469273744,16.49816689944134,35.73149441340782
SPI,14952,"Springfield, IL",0,18.169281834640916,19.37026945201332,9.873825503355704,35.19328859060403,18.27248322147651,18.23489932885906
TXK,15401,"Texarkana, AR",2,14.703695652173913,15.831194257124212,12.18095238095238,37.06666666666667,11.145578231292516,32.53741496598639
BTV,10785,"Burlington, VT",0,14.50461452409807,15.366652130575629,9.076356076356076,30.468342468342467,18.547533547533547,30.15724815724816
ABQ,10140,"Albuquerque, NM",2,12.164136863858943,11.879760459493374,3.280246758151832,24.56332619916908,10.529145159259725,28.899974820596753
BZN,10849,"Bozeman, MT",0,13.796970150210466,14.62174854716617,5.017731329262564,26.282644434006574,16.359441052137154,26.893494598403006
FCA,11648,"Kalispell, MT",0,13.976719162672405,14.630812242495585,8.899602081420264,34.721150902969086,13.832262014080197,27.25803489439853
HYS,12255,"Hays, KS",1,17.73854136638801,18.810046189376443,14.02734375,50.84570313,10.11914063,47.15234375
AZO,10469,"Kalamazoo, MI",2,10.964899713467048,11.545663082437276,10.312056737588652,43.491725768321515,11.94208037825059,24.57210401891253
LBF,12899,"North Platte, NE",2,16.58173831189206,18.52373467463062,10.42578125,60.47460938,7.34765625,31.29296875
ONT,13891,"Ontario, CA",2,11.707914282009964,11.322764378478665,2.292889288928893,24.58001800180018,10.954575457545754,28.961536153615363
GRB,11977,"Green Bay, WI",2,11.757502569373074,12.462638210336847,10.414653465346534,47.272871287128716,13.1809901,20.203564356435642
ELP,11540,"El Paso, TX",2,12.850979812767786,12.536862232875052,3.8371507676818526,26.38308583,9.510948905109489,32.68495679167715
HPN,12197,"White Plains, NY",0,19.002996062318097,19.53220332,8.596485819975339,36.14704069050555,14.176633785450061,30.25791204274558
OKC,13851,"Oklahoma City, OK",2,11.971238779541663,12.365184562037056,5.768187744458931,28.765906127770535,10.702803129074315,27.258670143415905
MIA,13303,"Miami, FL",0,17.90954625681532,18.206249603020765,4.267325559131648,26.331312284028847,14.156903326981464,26.407917650598566
EYW,11624,"Key West, FL",0,19.858421891604674,19.73946154671243,5.407099783820685,23.87871202639663,12.865968824667197,36.72135624075549
AMA,10279,"Amarillo, TX",0,14.340855790079207,15.090135225005541,6.516575952498763,27.77090549233053,13.499010390895597,31.265215239980208
LBE,12898,"Latrobe, PA",0,12.106342263531985,13.180947166712292,1.9299674267100977,12.38599348534202,28.464169381107492,30.908794788273617
BOI,10713,"Boise, ID",2,9.62964499,10.34958403737662,4.151566690652188,28.714136194151894,11.491267089684046,21.87950546215739
ABR,10141,"Aberdeen, SD",3,15.359212376933895,14.875070343275183,27.262295081967213,88.52459016393442,2.2576112412177984,0.11241217798594848
TPA,15304,"Tampa, FL",0,14.411410547935157,14.206756327625142,2.9413644377282457,20.73923309406876,13.755178818788565,33.465039037904546
FWA,11823,"Fort Wayne, IN",2,16.843877636075685,16.942994362079766,7.151870212,48.313880126182966,11.102523659305994,20.378999549346553
AGS,10208,"Augusta, GA",2,14.442540766857647,14.412231842497105,10.05461329715061,35.39314789687924,11.593622795115332,26.37347354138399
PGV,14092,"Greenville, NC",2,12.419354838709678,11.425806451612903,5.863636363636363,32.72727272727273,11.363636363636363,24.272727272727273
PSE,14254,"Ponce, PR",0,19.597153465346533,20.766966222497675,0.11954022988505747,12.120689655172415,11.544827586206896,47.98965517241379
ORH,13933,"Worcester, MA",0,22.157673172598546,23.52294987516804,4.104216388225935,28.32060461,25.713603818615752,35.766109785202865
BRW,10754,"Barrow, AK",2,16.216035634743875,17.44988864142539,1.7880434782608696,4.463768115942029,5.2771739130434785,28.528985507246375
WRG,15841,"Wrangell, AK",2,9.769209119,9.393629124004551,1.7823529411764707,8.045098039215686,7.176470588235294,42.80980392156863
ADK,10165,"Adak Island, AK",2,16.979508196721312,17.01871101871102,0.37341772151898733,2.481012658227848,6.462025316455696,21.930379746835442
YAK,15991,"Yakutat, AK",2,8.815211104684789,8.775036711,1.8152985074626866,6.593283582089552,7.539179104477612,33.13619402985075
SCC,14709,"Deadhorse, AK",2,7.594719195305951,8.317780580075661,1.123134328358209,5.645522388059701,6.656716417910448,56.17164179104478
BKG,10643,"Branson, MO",0,14.94382022,14.325842696629213,0,9.794871794871796,31.46153846153846,21.28205128205128
UIN,15454,"Quincy, IL",2,0.9,0,0,0,0,0
IPT,12365,"Williamsport, PA",2,10.56338028169014,8.605633802816902,0,93.66666666666667,3.8333333333333335,0
CDB,10917,"Cold Bay, AK",0,21.745833333333334,25.341666666666665,2.238095238095238,4.428571428571429,8.571428571428571,17.841269841269842
MGW,13282,"Morgantown, WV",1,76.54054054054055,74.86486486486487,0,77.41176470588235,3.5294117647058822,80.11764705882354
RDM,14489,"Bend/Redmond, OR",2,12.775874787517239,13.40403780621102,13.490897126562842,38.436937924983546,11.250274182934854,21.371134020618555
HIB,12129,"Hibbing, MN",3,13.268083756345177,12.997459510955858,36.96699669966997,88.42244224422443,4.564356435643564,0.570957096
ABE,10135,"Allentown/Bethlehem/Easton, PA",0,15.136743417856795,15.189643413873734,8.237662337662337,45.26850649350649,14.989935064935064,27.398701298701297
LIH,12982,"Lihue, HI",2,8.167953368678882,8.741548968,1.1841903300076746,18.638197566056352,6.165223111500932,26.702115996053063
ALB,10257,"Albany, NY",0,14.261271630417527,14.562861861085135,5.771559633027523,26.43520642201835,15.583715596330276,31.119839449541285
PBI,14027,"West Palm Beach/Palm Beach, FL",0,18.24703362604412,18.21691116439357,2.5127163755372424,23.60226331769252,15.444777414139821,37.64768739403021
BOS,10721,"Boston, MA",0,14.44754957613958,14.339617728151683,2.5588575232776396,28.244204861721112,17.143761962441403,22.898031456019822
ILM,12323,"Wilmington, NC",0,13.129566031845146,13.853816543047602,7.856881479975605,26.77881683268957,14.871112014637122,35.008131734092295
LEX,12945,"Lexington, KY",0,12.934335487496488,13.592751133515447,5.196679438058748,30.833424557562488,14.338989235540959,32.03466521
RNO,14570,"Reno, NV",2,12.765669655518467,12.96420016406891,3.1483899878368864,25.843607963638693,12.14320466039306,28.996735164202036
ANC,10299,"Anchorage, AK",2,9.628619513,10.252828923795324,3.088198848312559,25.807857715576937,10.240833880020409,17.995407828558932
CRW,11146,"Charleston/Dunbar, WV",0,17.121847318953275,17.730248001084156,11.495330459770114,38.543103448275865,12.495330459770114,26.313577586206897
YKM,16101,"Yakima, WA",2,6.985746436609152,7.367591897974494,6.866666666666666,14.393333333333333,10.166666666666666,24.333333333333332
PIB,14109,"Hattiesburg/Laurel, MS",1,20.006223386832623,19.71719160104987,6.9811764705882355,79.26117647058824,4.522352941176471,46.44
CHS,10994,"Charleston, SC",0,13.868687508483012,14.060490344583624,2.752715822618735,23.977433744424037,15.519653634216741,33.61165048543689
LGB,12954,"Long Beach, CA",2,10.581196827685652,9.546897567739327,2.2768166089965396,17.694135858677836,7.810234929885267,25.703059551994173
MLU,13377,"Monroe, LA",2,11.909802347747567,12.491208680799758,7.88,36.38962962962963,14.818518518518518,26.83185185185185
BIS,10627,"Bismarck/Mandan, ND",2,15.634051416981857,16.222887923926784,8.724550898203592,50.54427986132997,10.345414434289316,17.78537661519067
SDF,14730,"Louisville, KY",0,13.06228274040085,13.498989516859638,4.976718539394682,30.689437568925378,15.993873299840706,25.892905281215537
DBQ,11274,"Dubuque, IA",2,7.475534114403859,8.246206896551724,16.46969696969697,16.12121212121212,15.734848484848484,38.21969696969697
IND,12339,"Indianapolis, IN",0,11.159915639892912,11.577915048406709,3.150566613631198,22.40471474494269,16.595382667142903,25.172451862194368
EAT,11470,"Wenatchee, WA",2,9.100870827285922,9.793178519593614,7.014778325123153,17.167487684729064,9.438423645320198,22.714285714285715
JLN,12511,"Joplin, MO",0,20.57035755478662,20.46169471851422,11.850694444444445,64.00347222222223,16.64409722222222,26.038194444444443
TYS,15412,"Knoxville, TN",2,12.384990695419644,13.080556383195596,5.886395939086294,29.268121827411168,13.669340101522844,30.521725888324873
RSW,14635,"Fort Myers, FL",0,15.034443433352635,15.505461114730794,2.810157574235671,21.02834452884676,16.68086508883169,36.82877142319041
MSP,13487,"Minneapolis, MN",2,10.62209406541283,10.898613157472004,7.434799774393683,33.72319232938522,12.74292160180485,11.71882684715172
SJU,14843,"San Juan, PR",0,19.417456414223746,19.59841454787566,0.676740898,30.801961823966067,12.032284670672794,34.87065511959467
GPT,11973,"Gulfport/Biloxi, MS",2,12.189991733960705,12.908262725361533,9.930972658000897,34.47512326311071,11.664724338861497,28.716270730614074
TTN,15356,"Trenton, NJ",0,20.940677031646267,21.263961074864536,1.7929226736566186,18.652686762778504,20.380515508955877,39.79554390563565
CIU,11013,"Sault Ste. Marie, MI",3,23.044080248657814,21.993774759479344,41.57539682539682,105.63690476190476,1.6607142857142858,0.751984127
AKN,10245,"King Salmon, AK",2,12.292780748663102,12.737373737373737,1.377717391304348,3.7282608695652173,6.355978260869565,14.88586956521739
SFO,14771,"San Francisco, CA",2,12.787160687940267,12.003594543791472,2.116076970825574,25.647620525553485,10.594868611628389,27.641051106972895
ILG,12320,"Wilmington, DE",0,26.632911392405063,29.443037974683545,0,14.203125,27.78125,27.015625
LCH,12915,"Lake Charles, LA",2,15.443045112781954,16.800339046901488,18.511494252873565,43.272413793103446,12.565517241379311,22.71954022988506
AVP,10434,"Scranton/Wilkes-Barre, PA",2,15.956021877441678,15.583837027087531,7.505263157894737,37.54360902255639,10.727067669172932,44.03233082706767
EWN,11617,"New Bern/Morehead/Beaufort, NC",2,12.178454568336269,11.426841574167508,8.008810572687224,29.524229074889867,6.458149779735683,50.11233480176212
MCO,13204,"Orlando, FL",0,17.88816902358977,17.84963195398175,4.8591365424925534,23.131332818494954,14.789253361772024,26.939138748942742
LCK,12917,"Columbus, OH",1,24.9623448,26.902837313737496,3.8432501599488162,19.094689699296225,12.278950735764555,45.33013435700576
ACY,10158,"Atlantic City, NJ",0,12.701116722384238,13.607395245913342,1.5444711538461537,19.015224358974358,29.615384615384617,21.47315705128205
MDT,13230,"Harrisburg, PA",0,14.409841452394645,14.842961254992384,6.212030822769078,34.08873974645787,13.339547601292567,30.802634849614716
COS,11109,"Colorado Springs, CO",2,14.08745060222739,14.415471855560613,5.314517853324781,33.21915757964507,12.025764378875348,25.449112679067778
BUR,10800,"Burbank, CA",2,11.098270484376629,10.63898757374572,1.6600516449885234,15.209353481254782,11.996078806426931,28.505786151491968
RFD,14512,"Rockford, IL",0,22.999459605512023,23.96397616468039,6.128803245436106,26.224137931034484,17.544624746450303,35.29107505070994
SAN,14679,"San Diego, CA",2,12.054738204599467,12.187989480680866,2.255568083642061,18.31272056347103,12.712026474938133,28.69458640230777
MSO,13486,"Missoula, MT",0,15.043758700696056,15.956145654094778,9.873397855087628,35.12843316766937,13.585142558200367,25.160606853256606
TWF,15389,"Twin Falls, ID",3,8.692980060092871,9.1452407,31.80511182108626,58.69009584664537,7.373801916932908,3.3003194888178915
SYR,15096,"Syracuse, NY",0,14.538478689011928,15.039925546765938,4.402903225806452,31.738924731182795,16.15752688172043,29.69
LAW,12891,"Lawton/Fort Sill, OK",2,15.335602723267922,16.682692307692307,24.803296703296702,33.857142857142854,9.732967032967032,17.885714285714286
CMH,11066,"Columbus, OH",0,11.227747682404406,11.460134333357937,3.302312673450509,24.537391304347825,17.29927844588344,23.77058279370953
IMT,12335,"Iron Mountain/Kingsfd, MI",3,17.185581526330612,16.804458239277654,32.97864077669903,74.57864077669903,2.629126213592233,1.5514563106796118
DAB,11252,"Daytona Beach, FL",2,11.840221953475137,11.445490867579908,7.148190695002872,32.387133831131536,10.122917863296955,37.19356691556577
APN,10333,"Alpena, MI",3,22.133450087565674,20.57293497363796,34.41162790697675,94.22790697674418,3.202325581395349,1.0744186046511628
JAN,12448,"Jackson/Vicksburg, MS",2,11.404756134504696,11.234949629809442,6.728642086330935,27.132643884892087,11.58003597122302,31.73066547
VCT,15569,"Victoria, TX",1,16.61547619047619,16.196662693682956,15.606177606177607,84.64092664092664,8.189189189,46.44015444015444
PSM,14259,"Portsmouth, NH",0,22.651497005988023,24.650060024009605,5.246938775510204,24.210204081632654,18.10408163265306,32.66938775510204
AEX,10185,"Alexandria, LA",2,14.72978475858057,15.395705819488972,15.704024767801858,41.85325077399381,12.103405572755419,22.814241486068113
CAK,10874,"Akron, OH",0,14.991201055873296,15.587373997498345,6.114139693356048,35.09114139693356,13.25511073253833,30.613713798977855
ORD,13930,"Chicago, IL",2,14.171566330945327,14.510004612885327,4.979650832523322,23.77427824835578,12.848281724040715,26.63839411574115
EWR,11618,"Newark, NJ",0,17.306781373122757,17.035852740333866,3.5310860728321556,25.560097491861622,15.911869381145952,27.801432017136978
SEA,14747,"Seattle, WA",2,10.27228280217824,10.471855059403076,3.398588703551788,24.18317989852034,10.764462370491902,14.83126728040592
IAG,12265,"Niagara Falls, NY",0,25.350462487153134,26.824987093443468,5.968903436988543,19.53846153846154,22.284779050736496,33.44517184942717
DTW,11433,"Detroit, MI",2,11.488003508215016,11.465851839100246,6.255565487592048,36.36537479249138,13.04670540160899,13.386913123057932
RKS,14543,"Rock Springs, WY",1,17.147082334132694,18.072916666666668,8.975265017667844,103.85512367491167,12.625441696113073,28.812720848056536
LGA,12953,"New York, NY",0,14.423722546300723,14.347909313298617,3.741509133107737,24.098276136987757,16.62858990485977,31.04800418120936
PSP,14262,"Palm Springs, CA",2,11.818358609224786,11.90297275628429,3.3633984296355948,28.87235755989531,12.973323937990738,24.891987114958727
GRK,11982,"Killeen, TX",2,13.601202207331493,15.388264299802762,11.015802469135803,21.74716049382716,11.72641975308642,27.00493827160494
BIH,10617,"Bishop, CA",1,32.85596221959858,30.005938242280283,9.519417475728156,41.81553398058252,11.21359223300971,57.49029126213592
GUM,12016,"Guam, TT",2,7.195708901130763,6.624129930394432,0.18487394957983194,53.15126050420168,8.075630252,24.10924369747899
EAU,11471,"Eau Claire, WI",2,13.51226012793177,13.209066666666667,13.688034188034187,45.85897435897436,12.850427350427351,29.28205128205128
LFT,12951,"Lafayette, LA",2,15.540497038372392,16.145338326446282,16.06069919323857,33.79523627,10.376488666922782,30.08720706876681
CHA,10980,"Chattanooga, TN",2,12.797818394075371,12.861568813707938,6.198353112133688,30.875272463066118,11.72148219907968,30.781787357713732
PIE,14112,"St. Petersburg, FL",0,15.178726502872246,16.34102043578292,9.592684132,19.570439940682157,13.579831932773109,27.568091942659418
PAE,14004,"Everett, WA",2,8.310812418222909,9.557081442560305,2.0569476082004554,23.78967350037965,13.326499620349278,14.266514806378131
FSD,11775,"Sioux Falls, SD",0,15.553781866281867,16.06572331777811,11.20276574475175,31.67960679773409,13.672275908030656,27.250749750083305
SHR,14812,"Sheridan, WY",2,13.470984289836487,16.27609536082474,9.952286282306163,52.66998012,13.916500994035784,16.86282306163022
ITO,12402,"Hilo, HI",2,5.837700120502668,6.6528538458888775,0.8788477831121152,11.074837616492516,3.564529793843547,27.91838463710816
OMA,13871,"Omaha, NE",2,11.785712211131656,11.902142067172433,5.7191278741933465,27.760102750454234,13.083516070421652,24.32773635737109
EUG,11603,"Eugene, OR",2,13.436189482928972,13.214710089118714,6.269266654226535,39.67008770292965,9.504385146482553,27.623997014368353
FLL,11697,"Fort Lauderdale, FL",0,18.290570339776366,17.927406976715538,3.7462278770084008,24.099747165810292,16.395909795285867,24.793878965826604
SHD,14802,"Staunton, VA",1,19.907048008171603,19.781585677749362,11.127450980392156,61.65686274509804,2.9281045751633985,47.04575163398693
ISP,12391,"Islip, NY",0,15.830148317170565,15.341657532288043,2.2418331374853113,18.71421856639248,17.906698002350176,32.372267920094004
PIT,14122,"Pittsburgh, PA",0,11.01099926344218,11.500300635160102,3.606241675965588,22.05629746949354,18.574421367121413,25.753392606457652
DEN,11292,"Denver, CO",2,15.512375665403928,14.725229951035455,3.2610429064012014,25.116946360046715,8.58820074,24.216694010344252
SJC,14831,"San Jose, CA",2,9.363513276,8.825532470808707,1.2607174103237095,19.546931633545807,8.358892638420198,25.325896762904637
ROC,14576,"Rochester, NY",0,13.58281936,13.810634960593328,3.5108043217286915,29.50684273709484,17.63061224489796,29.737575030012003
HOB,12177,"Hobbs, NM",1,27.092442645074225,26.75337837837838,17.633744855967077,110.2880658436214,12.650205761316872,17.448559670781894
DRO,11413,"Durango, CO",2,16.153387048642195,17.596183754037565,9.326745298055467,46.990436722983745,9.457124641377112,22.33726490277335
DVL,11447,"Devils Lake, ND",1,23.050974025974025,23.119882083196856,24.62212943632568,56.438413361169104,13.594989561586639,48.86847599164927
MEM,13244,"Memphis, TN",0,14.121212732074103,14.31138184279379,5.228474298106793,30.78318973096536,14.296465623351503,27.13270031065002
MLB,13360,"Melbourne, FL",2,10.709915014164306,10.87103319535752,5.91,24.7,11.83625,36.000625
DEC,11288,"Decatur, IL",1,24.250132345156167,24.175815433571998,9.219600725952812,78.88021778584393,7.201451905626135,67.01451905626135
CPR,11122,"Casper, WY",2,13.18380062305296,14.619152806652806,11.14540059347181,39.51409495548961,11.635756676557863,15.251483679525222
AUS,10423,"Austin, TX",2,15.06974583249872,14.639622310130552,3.018713631998192,23.92080955878199,10.490042935427377,31.169354838709676
ELM,11537,"Elmira/Corning, NY",2,15.794157216990198,16.071744566262744,18.043024771838333,54.220338983050844,9.651890482398956,22.30117340286832
BQN,10732,"Aguadilla, PR",1,26.79810889443059,25.45599416727424,1.730344827586207,15.752758620689654,8.356551724137931,54.55551724137931
HYA,12250,"Hyannis, MA",0,28.517094017094017,29.75,2.9348837209302325,14.758139534883721,25.38139534883721,50.33953488372093
BGM,10577,"Binghamton, NY",0,15.612570356472796,16.725692813527477,16.03546099,59.58156028368794,14.787234042553191,30.868794326241133
BQK,10731,"Brunswick, GA",2,12.724458204334365,13.952335557673976,11.892794376098418,55.73462214411248,9.142355008787346,20.328646748681898
GTR,12007,"Columbus, MS",2,9.060564971751413,9.030776193708984,11.655421686746989,36.46746987951807,12.433734939759036,30.771084337349397
CDV,10926,"Cordova, AK",2,9.040386803185438,9.375650665124349,0.8890784982935154,5.878839590443686,7.820819112627986,32.153583617747444
PSG,14256,"Petersburg, AK",2,9.356114092064388,9.882252559726963,1.3129629629629629,6.503703703703704,6.909259259259259,43.49814814814815
BET,10551,"Bethel, AK",2,14.197320341047503,15.752665245202559,1.0795344325897187,3.4568380213385064,6.0795344325897185,20.66149369544132
OME,13873,"Nome, AK",2,6.560303514376997,7.152296535052377,0.8392857142857143,6.330357142857143,6.925595238095238,30.636904761904763
PQI,14231,"Presque Isle/Houlton, ME",2,10.39655172413793,12.275862068965518,0,46.17647059,15.352941176470589,7.647058823529412
USA,12544,"CONCORD, NC",0,14.207207207207206,18.172727272727272,0,10.615384615384615,16.53846153846154,46.84615384615385
ERI,11577,"Erie, PA",2,12.451866404715128,12.122945430637738,5.284023668639053,57.98816568047337,7.568047337278107,31.952662721893493
ASE,10372,"Aspen, CO",1,28.258676379630266,28.60089841050449,17.35804246131702,36.348206789012835,11.797768981648074,30.445843828715365
IDA,12280,"Idaho Falls, ID",2,16.673384951829306,17.64245512174892,13.101959361393323,55.45246734397678,9.805515239477504,23.949564586357038
BLI,10666,"Bellingham, WA",2,9.632559715,9.715522362725961,6.901639344262295,26.399117276166457,9.873266078,21.117906683480452
PUW,14303,"Pullman, WA",2,9.905446623093681,10.205061082024432,9.166666666666666,16.22316384180791,7.276836158,24.375706214689266
CAE,10868,"Columbia, SC",2,11.156976744186046,11.663993382723154,7.038579458354625,27.345426673479817,12.451456310679612,29.769800715380686
MFE,13256,"Mission/McAllen/Edinburg, TX",0,15.922884897161774,16.76479217603912,5.4023460410557185,29.373313782991204,14.55307917888563,36.37008797653959
GRI,11980,"Grand Island, NE",1,21.063446126447015,22.065222247040428,11.791752577319588,50.85773195876288,11.66082474226804,22.09793814
BWI,10821,"Baltimore, MD",2,15.620089831212386,13.861895782019705,1.5979610535960653,22.830997040578826,9.982285599941022,21.055375930743224
INL,12343,"International Falls, MN",3,18.46861507804716,17.770099667774087,53.281899109792285,98.40356083086053,3.059347181008902,0.21364985163204747
HSV,12217,"Huntsville, AL",2,13.269161084879762,13.498376712705662,6.378391959798995,31.043886097152427,9.765326633165829,28.999497487437186
MEI,13241,"Meridian, MS",1,20.408756889161054,19.923029745476846,11.600806451612904,64.52620967741936,9.421370967741936,40.82459677419355
ORF,13931,"Norfolk, VA",0,14.12625226831023,14.541234450996427,4.980787342249011,25.906887675017266,16.771520060275005,31.89476988761223
IAH,12266,"Houston, TX",2,15.147468127053669,14.806969463798211,6.2096351765096465,28.961774687373197,12.474491866169906,25.03437972629016
TUL,15370,"Tulsa, OK",2,11.394400349625704,11.72070519430985,5.347788210241022,26.951795566740877,11.895460265221178,30.022553479818022
GSP,11996,"Greer, SC",2,11.302982504144602,11.587685062735865,3.9826583128216604,26.936227343924816,14.247035130901768,28.99944059073618
EVV,11612,"Evansville, IN",2,11.320749414519906,12.19226073072227,7.930925221799747,30.522813688212928,15.399239543726235,23.449936628643854
BUF,10792,"Buffalo, NY",0,14.027449309737367,14.140652038485499,3.5671502728603754,23.23246372953547,17.147411153999734,32.69539464927459
OAJ,13795,"Jacksonville/Camp Lejeune, NC",2,11.059126743480897,10.780048563334683,6.925892857142857,37.35803571428571,9.058928571428572,35.59910714285714
MOB,13422,"Mobile, AL",2,12.590697992077585,13.14882542291624,10.14757103574702,31.51145737855179,11.304766269477543,29.648945921173237
VPS,15624,"Valparaiso, FL",2,15.48708584503014,15.560385940121876,7.047601521285732,27.955220218378113,11.373328425960004,34.30131272236535
LRD,13061,"Laredo, TX",0,15.564853556485355,16.305348679756264,4.858974358974359,39.12905982905983,17.124786324786324,36.37094017094017
STL,15016,"St. Louis, MO",2,13.28659495363635,12.50197688116625,2.3786976191938423,22.44291592458392,10.756044136010972,28.138365166124178
PVU,14314,"Provo, UT",0,17.88542873696408,20.552620119030337,8.128813559322033,30.047457627118643,15.901129943502825,20.683615819209038
MRY,13476,"Monterey, CA",2,15.12885468441024,15.61872623064974,7.795904887714663,36.17206077,8.640686922060766,38.01519154557464
HRL,12206,"Harlingen/San Benito, TX",2,10.836541786743515,10.969842278583396,5.384468976018272,17.98058622002284,11.867529501332319,31.148458317472404
JAC,12441,"Jackson, WY",0,20.70450718565219,21.627204228963667,7.900977318827217,33.72893232528121,16.078369905956112,38.78222386133137
CGI,10967,"Cape Girardeau, MO",2,14.117253948967193,13.909312233718808,13.723529411764705,87.14117647058823,8.605882352941176,21.51764705882353
FAY,11641,"Fayetteville, NC",2,13.007956566507536,12.717782779966235,9.214723926380367,53.64800613496933,9.697852760736197,24.72622699386503
KOA,12758,"Kona, HI",2,8.74360621,9.024113732945649,1.0128665469778575,21.564731697586275,6.128665469778576,26.99730700179533
SLC,14869,"Salt Lake City, UT",2,10.816850772125253,10.850787461859358,5.755082439570994,33.20743495339301,9.792589674,16.077255544199677
CLE,11042,"Cleveland, OH",0,13.066600470107765,13.16328583874322,2.6329346826126954,24.54782105012096,18.23370472588504,29.266107874203552
MTJ,13502,"Montrose/Delta, CO",0,16.118076459963877,16.591232048374906,4.096058170685036,28.78836586299273,13.871412169919633,32.38346727898967
AVL,10431,"Asheville, NC",0,16.289027634269132,16.64041450777202,6.014134656883901,25.14652567975831,15.690548122572292,29.657639188605955
MCI,13198,"Kansas City, MO",2,11.784765653123426,11.73966375640378,4.069194341386903,21.054203239525833,13.530932343980936,28.78762102977106
CNY,11092,"Moab, UT",0,18.864439324116745,19.82420971472629,15.465,70.4125,15.5275,22.265
STC,15008,"St. Cloud, MN",0,14.474842767295597,15.143759873617693,13.06993006993007,12.202797202797203,16.335664335664337,18.685314685314687
MBS,13184,"Saginaw/Bay City/Midland, MI",2,12.879503761383134,13.537120211360634,10.5,52.96624087591241,8.527372262773723,16.92609489051095
MKG,13344,"Muskegon, MI",0,15.420566146735991,15.509248554913295,9.95045045,65.28378378378379,15.387387387387387,26.48198198198198
HNL,12173,"Honolulu, HI",2,8.995359628770302,8.874634082747669,0.5985521210385146,26.000494778781803,3.582198380250514,18.951329392463737
SGU,14794,"St. George, UT",2,10.87585789261203,11.698166621730925,10.237279057311195,51.17782538832351,5.649169791,19.306373861810393
SCE,14711,"State College, PA",2,14.669794572660411,15.319349097381133,10.538940809968848,47.38161994,7.8473520249221185,23.694704049844237
GSO,11995,"Greensboro/High Point, NC",0,11.364550651136803,11.98312272619637,5.638190955,25.693910730121193,16.099911321312444,29.471622819982265
FAR,11637,"Fargo, ND",2,16.58508086622807,17.11616092269669,15.047462223944208,40.603835722588144,11.496512979465324,24.702247191011235
COU,11111,"Columbia, MO",1,19.87950968101407,20.45462161407428,15.528919860627179,40.687108013937284,8.951916376,31.929616724738676
LWS,13127,"Lewiston, ID",3,13.152844116369952,13.855490067670814,21.707272727272727,69.33090909090909,3.8836363636363638,11.94909090909091
DLH,11337,"Duluth, MN",2,13.108058409951324,13.312763884378045,17.19528071602929,50.901545972335235,8.265256305939788,18.28966639544345
ABI,10136,"Abilene, TX",2,11.688620071684587,13.304820627802691,14.055779569892474,22.034274193548388,13.884408602150538,23.091397849462364
PSC,14252,"Pasco/Kennewick/Richland, WA",2,10.535801188719136,11.188557034904642,13.99363829142684,39.34019994,9.420781581338987,15.644956073916996
SLN,14877,"Salina, KS",1,20.898780833569607,20.746510965536885,8.859130434782609,64.39304347826086,9.620869565217392,39.37391304347826
SRQ,14986,"Sarasota/Bradenton, FL",0,16.65254922339627,16.962029530978576,3.415958282734481,24.302164440317167,15.315236802628759,35.919279948567755
ATW,10408,"Appleton, WI",2,15.40069715677628,16.48452481076535,11.682554814108675,47.05767397521449,13.622974261201144,16.559818875119163
ALO,10268,"Waterloo, IA",0,9.192532088681446,10.390898483080514,9.364444444444445,18.133333333333333,18.684444444444445,28.27111111111111
PDX,14057,"Portland, OR",2,9.771508506616257,10.081152744738556,2.9580589526497336,24.42565590049127,11.75402425002613,23.026497334587646
MAF,13158,"Midland/Odessa, TX",2,12.587389267895327,12.822002756086357,6.075459424296634,27.086680761099366,12.725809074646284,30.015774922751667
CVG,11193,"Cincinnati, OH",0,12.700089695380688,13.240940734422905,4.250567315834039,25.04640135478408,17.807857747671466,25.171447925486877
IAD,12264,"Washington, DC",0,13.220609661796427,13.38635353234602,7.042185121650681,29.81714948416246,15.443789412645872,21.79323008528836
EKO,11525,"Elko, NV",3,13.286025250326514,14.230065359477123,66.00578034682081,112.32369942196532,1.7861271676300579,0.086705202
ATL,10397,"Atlanta, GA",2,11.201836477154123,10.880639681330912,3.610114140647658,29.21358563726873,11.321175016984032,16.056267803438125
FSM,11778,"Fort Smith, AR",2,14.45404958677686,15.95814030443415,13.493036211699165,33.71866295264624,10.327762302692665,25.870937790157846
BHM,10599,"Birmingham, AL",2,13.284895486902252,13.238935792834338,5.0849952923050585,24.122143285115126,12.052469399982881,32.873405803303946
LBL,12902,"Liberal, KS",2,14.04817619,14.047553411440386,5.974747474747475,50.48232323232323,5.570707070707071,36.515151515151516
BRO,10747,"Brownsville, TX",2,12.725356722084042,13.765848536553353,15.718257645968489,38.02502316960148,11.770157553290083,25.2613531
PAH,14006,"Paducah, KY",0,14.77424023154848,14.711733462095607,11.753424657534246,86.47488584474885,15.831050228310502,20.958904109589042
PHF,14098,"Newport News/Williamsburg, VA",2,11.408252853380159,11.30975395,14.080459770114942,28.49808429118774,9.724137931034482,40.582375478927204
ICT,12278,"Wichita, KS",2,13.196160052384181,13.623664479850047,6.400594795539034,31.56624535315985,13.152118959107806,29.85293680297398
ALW,10275,"Walla Walla, WA",2,7.134157509157509,8.017873510540788,6.271317829457364,14.48062015503876,8.360465116,30.058139534883722
OAK,13796,"Oakland, CA",2,10.793221389874267,9.515948298,0.8120575957408191,19.335985238066428,7.127140177869199,22.69235888438502
PHX,14107,"Phoenix, AZ",2,12.67474989369083,11.860497721259645,1.3267844255575563,23.96893239257012,7.958107076043469,27.28027410121846
SBN,14696,"South Bend, IN",2,15.660441976999891,15.923101952277657,7.408633094,46.80267214799589,9.889414182939364,21.463514902363823
BMI,10685,"Bloomington/Normal, IL",2,13.68062132979731,14.465977033311189,11.346499102333931,29.211849192100537,13.145421903052064,32.14362657091562
BNA,10693,"Nashville, TN",2,13.179895426761911,12.605025251717683,2.910256584768257,19.90782005036412,12.190839175117404,28.986687538283537
YUM,16218,"Yuma, AZ",2,14.229270668452454,14.565323565323565,3.8226555246053855,61.137418755803154,6.209842154131848,33.19777158774373
GEG,11884,"Spokane, WA",2,9.931802098950525,10.248606573130886,6.331325301204819,27.043631669535284,10.810499139414802,22.084509466437176
ACT,10155,"Waco, TX",2,12.346999685830976,13.74673998428908,12.219424460431656,30.08992805755396,9.499100719,21.013489208633093
GRR,11986,"Grand Rapids, MI",0,13.372019904117241,14.26635599177319,6.361752743457908,29.97743841608472,16.412708157470647,26.34157010206431
CKB,11027,"Clarksburg/Fairmont, WV",1,25.080390178271106,25.03035413153457,8.995348837209303,51.31627906976744,13.249612403100775,37.944186046511625
SWO,15074,"Stillwater, OK",2,11.848673946957879,13.184884447220487,15.407035175879397,53.57286432160804,11.967336683417086,18.771356783919597
TRI,15323,"Bristol/Johnson City/Kingsport, TN",2,12.190096618357488,12.212856912405227,7.0005885815185405,37.00824014125956,9.765744555620953,30.300176574455563
MSN,13485,"Madison, WI",0,13.990296539367463,14.388019362646228,7.533571239756807,39.52379064234734,14.285487708168121,28.182923605604017
MGM,13277,"Montgomery, AL",2,15.610974350829826,15.543530160751233,9.117841930903928,36.44344533838145,9.394226218646475,32.06862281116896
PIH,14113,"Pocatello, ID",3,6.478496240601504,6.990072202166065,39.36538461538461,62.53846153846154,2.0961538461538463,0.39903846153846156
JMS,12519,"Jamestown, ND",1,20.05483785921434,20.06366047745358,26.49804688,61.86914063,3.240234375,51.29882813
RIW,14534,"Riverton/Lander, WY",1,19.21279212792128,21.123919308357348,17.223918575063614,62.595419847328245,10.661577608142494,35.391857506361326
CDC,10918,"Cedar City, UT",3,9.324809951624049,9.345901072293325,35.26635514018692,82.42990654205607,1.6728971962616823,0
SPN,14955,"Saipan, TT",2,5.628448804,5.809319435928878,10.37,22.74,4.65,48.92
LBB,12896,"Lubbock, TX",2,13.485950110051357,14.082071449573656,7.259863345823232,25.787083976195724,12.792153405333922,32.97972228344721
STS,15023,"Santa Rosa, CA",2,11.13552893009814,12.433932665620851,5.224299065420561,16.71685704395985,7.199030806507442,34.60747663551402
STT,15024,"Charlotte Amalie, VI",0,17.42692488631018,17.802992518703242,2.205118187145927,24.42547372533698,13.642312951748389,41.107247509279155
SAT,14683,"San Antonio, TX",2,12.444338713416048,12.249867085474733,3.062495135808234,24.575570083274965,12.528601447583469,31.666783407269048
RHI,14520,"Rhinelander, WI",3,12.297360857068199,11.517656290871043,32.03883495145631,62.83495145631068,3.878640776699029,4.555825242718447
PRC,14237,"Prescott, AZ",1,20.722207195022992,21.227013832384053,7.142649199417758,64.98253275,6.787481804949054,30.529839883551674
SNA,14908,"Santa Ana, CA",2,12.688682003780324,12.012712507788244,1.704767180623519,21.36657126150248,12.089526975040778,29.328532299264456
PHL,14100,"Philadelphia, PA",0,13.973349541134404,14.440361460089772,3.5020411326994627,24.158239458453906,16.411662877221993,29.868824927656057
CLT,11057,"Charlotte, NC",2,13.87242264261622,14.192278218441242,5.010410213873985,21.056187856325398,10.575265373833247,28.87978119126865
VEL,15582,"Vernal, UT",0,16.710711150131694,18.073878627968337,15.801152737752162,51.46974063400577,11.63400576368876,34.33429395
COD,11097,"Cody, WY",1,22.109141055949568,23.141274238227147,10.96880131,50.995073891625616,8.198686371100164,21.282430213464696
FNT,11721,"Flint, MI",0,15.83657265734844,17.928470783257357,4.775874635568513,27.826895043731778,20.807944606413994,21.05466472303207
PBG,14025,"Plattsburgh, NY",0,23.455945779420826,24.924953675108092,9.366127024,41.70361145703612,18.752179327521795,26.75466999
CMI,11067,"Champaign/Urbana, IL",2,11.776087574637476,12.48660587061841,10.745365853658537,27.16780487804878,14.201951219512194,28.370731707317074
HHH,12124,"Hilton Head, SC",0,15.363227489430601,15.541206303205941,6.0454096742349455,25.017769,13.936821322803555,33.99259624876604
BJI,10631,"Bemidji, MN",3,14.724985867721877,14.677227722772278,35.18271604938272,84.82962962962964,3.0148148148148146,0
TOL,15295,"Toledo, OH",0,17.308507223113963,18.55069198583843,4.504437869822485,25.644970414201183,17.125739644970412,34.17455621301775
DCA,11278,"Washington, DC",0,13.743040658157996,14.004255534819904,3.4200585262037775,21.68282541653119,14.037293212339767,32.29244381385909
MHT,13296,"Manchester, NH",0,11.86060867068619,12.05307855626327,2.0119485294117645,19.61557904411765,18.45266544117647,31.57261029411765
STX,15027,"Christiansted, VI",0,17.355658198614318,17.980577334283677,0.5089445438282647,31.74865831842576,13.076923076923077,39.585867620751344
SMX,14905,"Santa Maria, CA",1,29.121365360303415,30.520253164556962,6.1888412017167385,23.008583690987123,10.090128755364807,59.84120172
MLI,13367,"Moline, IL",0,14.43308488152186,14.83817543077009,8.825708061002178,39.01997095,14.487654320987655,29.93282498184459
ECP,11481,"Panama City, FL",2,13.015639324812598,12.775655937246416,4.307042253521127,22.77216238608119,10.12013256006628,35.588566694283344
SBA,14689,"Santa Barbara, CA",0,13.669035439703494,13.538730880275201,4.270931142410015,27.683881064162755,14.339006259780907,34.424882629107984
OGG,13830,"Kahului, HI",2,10.21929403097423,10.273169831900423,1.1526792842718265,21.933217489315737,5.058986521392007,24.089512985488188
MCW,13211,"Mason City, IA",1,23.666363636363638,23.163859808830225,10.011019283746556,52.44352617,11.231404958677686,63.45454545454545
BFL,10561,"Bakersfield, CA",2,15.245056381761726,15.627100582014918,4.5079691516709515,46.14704370179948,9.803084832904885,32.49305912596401
GFK,11898,"Grand Forks, ND",2,14.766410778630737,14.805485893416927,20.58049886621315,54.506802721088434,10.546485260770975,17.334467120181404
GJT,11921,"Grand Junction, CO",2,13.663034639778825,14.898299559950019,7.553378378378379,41.97094594594594,13.52364864864865,23.689864864864866
RIC,14524,"Richmond, VA",0,13.383609212609054,13.622036690930553,2.644160985,27.174987171028516,18.553771717616012,27.32570925885199
AZA,10466,"Phoenix, AZ",2,13.223274646614367,13.779484386347132,5.571708185053381,28.658896797153027,9.513523131672597,17.716014234875445
SJT,14842,"San Angelo, TX",2,11.158206304573035,12.685379943712043,15.144366197183098,20.273767605633804,9.053697183098592,24.341549295774648
BRD,10739,"Brainerd, MN",3,12.539712320200126,12.464497966843917,24.839650145772595,82.94752186588921,3.597667638483965,0.014577259475218658
LWB,13121,"Lewisburg, WV",1,21.78800232964473,21.353801169590643,3.794573643410853,76.12403100775194,11.046511627906977,46.82945736434109
DDC,11283,"Dodge City, KS",1,22.632033137728683,23.70117728531856,7.749419953596288,99.48491879350348,10.139211136890951,36.84686774941996
GTF,12003,"Great Falls, MT",2,11.622321502440638,12.82806668325454,14.197788697788697,44.01904176904177,10.96990171990172,19.315110565110565
JFK,12478,"New York, NY",0,16.53467770586509,16.437560973721293,2.7336948045394913,34.14229488,16.983137459976696,19.974229121368086
BIL,10620,"Billings, MT",2,10.975857999803324,12.813544285080585,8.059067688378033,31.38888888888889,15.340357598978288,22.63633461047254
GCC,11865,"Gillette, WY",0,19.269753086419755,20.744344592500774,14.691973969631237,78.09978308026031,19.650759219088936,27.991323210412148
PNS,14193,"Pensacola, FL",0,14.71231247225921,14.705958802898396,5.162368364496024,24.36782720825274,13.799484203739523,40.19901139050075
SWF,15070,"Newburgh/Poughkeepsie, NY",0,24.041563055062166,25.453604568165595,4.9136522753792296,21.056009334889147,17.373395565927655,36.60093348891482
BLV,10676,"Belleville, IL",1,24.78501568555084,26.212962962962962,5.700381679389313,22.907760814249365,12.938295165394402,44.646946564885496
HDN,12094,"Hayden, CO",0,18.242390905757244,20.231878732200276,8.863137254901961,27.973333333333333,15.64078431372549,29.96156862745098
LAS,12889,"Las Vegas, NV",2,15.14298814229249,14.476892841973132,1.4653806818181818,22.082920454545455,11.027369318181819,25.004903409090907
SUX,15048,"Sioux City, IA",2,17.73018458197611,17.39673024523161,11.12012987012987,54.58441558441559,8.357142857142858,25.149350649350648
DFW,11298,"Dallas/Fort Worth, TX",2,16.627133968102655,16.66439838350289,5.410974053,24.567307724529428,9.946118299135762,30.14359629
SAF,14674,"Santa Fe, NM",2,17.66325224071703,18.27383627608347,19.18840579710145,38.62550724637681,7.343768115942029,29.292753623188407
LIT,12992,"Little Rock, AR",2,13.352233676975946,13.672544604847406,6.896380489958067,25.797175016552636,13.085301258000442,27.929706466563673
RAP,14457,"Rapid City, SD",2,15.156759757451534,15.85152034261242,11.483275946876537,33.00270536153468,12.075504181013281,29.335710772257748
ATY,10409,"Watertown, SD",0,16.23624047417443,17.60647359454855,10.431818181818182,63.46022727272727,12.897727272727273,25.02840909090909
JST,12559,"Johnstown, PA",1,22.331677899964525,21.219105113636363,13.837528604118994,60.608695652173914,5.350114416475972,54.038901601830666
DSM,11423,"Des Moines, IA",0,13.786498273137036,14.516662512645329,5.335974361,35.402118757233154,15.253093563607228,26.773435413513756
ROW,14588,"Roswell, NM",1,19.010721649484537,19.731984307247576,16.27348394768133,62.244946492271104,4.502972651605232,25.507728894173603
BTM,10779,"Butte, MT",3,7.676461585552494,8.528169014084508,28.12925170068027,51.92176870748299,1.6258503401360545,5.129251700680272
HGR,12119,"Hagerstown, MD",1,26.280685061845862,26.956190476190475,7.291291291291292,25.423423423423422,10.822822822822824,37.348348348348345
HTS,12223,"Ashland, WV",1,30.50895728066146,31.778699861687414,4.983870967741935,25.65136476426799,11.878411910669975,39.022332506203476
LSE,13076,"La Crosse, WI",2,10.617450842696629,10.767135325131811,14.082125603864734,47.04669887278583,12.94524959742351,19.88888888888889
OTH,13964,"North Bend/Coos Bay, OR",1,24.919364691508857,24.789957134109002,15.698830409356725,55.812865497076025,12.985380116959064,28.137426900584796
SBP,14698,"San Luis Obispo, CA",2,15.24481917017972,15.527121434610422,6.684014869888476,42.78359001593202,9.118162506638344,27.974774296335635
WYS,15897,"West Yellowstone, MT",3,18.518915510718788,18.55133079847909,36.233160621761655,87.19170984455958,15.476683937823834,7.875647668393782
ACK,10154,"Nantucket, MA",0,21.881907645722936,22.55481324,3.1961982348947724,21.019008825526136,22.925322471147318,50.31568228105906
FLO,11699,"Florence, SC",2,7.8090909090909095,8.321100917431192,24.363636363636363,11.727272727272727,7.454545454545454,33.54545454545455
DIK,11315,"Dickinson, ND",2,17.22164351851852,17.924550203134068,16.295719844357976,67.60311284046692,11.809338521400779,20.381322957198442
MVY,13541,"Martha's Vineyard, MA",0,25.227272727272727,26.038505615402247,7.555947136563876,24.933039647577093,20.266960352422906,43.89955947136564
JNU,12523,"Juneau, AK",2,9.258556935621504,10.332077271643215,3.734760630389533,17.229259589652095,10.121320249776986,26.68421052631579
SIT,14828,"Sitka, AK",2,10.32937834224599,10.763304612265586,5.939226519337017,22.930386740331492,7.815469613259668,26.331491712707184
OTZ,13970,"Kotzebue, AK",2,6.662875710804224,7.018307567127746,0.5514705882352942,3.6176470588235294,4.5588235294117645,44.279411764705884
ABY,10146,"Albany, GA",2,11.446862699699004,12.109179415855355,11.438492063492063,61.06547619047619,8.978174603174603,16.450396825396826
ADQ,10170,"Kodiak, AK",2,9.038776048536006,10.036402004748087,7.7140350877192985,16.364912280701756,7.533333333333333,27.529824561403508
VLD,15607,"Valdosta, GA",2,12.53580786026201,13.060996939221688,9.684859154929578,36.096830985915496,10.422535211267606,43.140845070422536
DHN,11308,"Dothan, AL",2,10.023191733639495,10.175252989880406,8.540160642570282,37.22088353413655,12.050200803212851,26.23293172690763
KTN,12819,"Ketchikan, AK",2,9.801055697124136,10.316371277178877,2.6988636363636362,11.560795454545454,7.690340909090909,34.96193181818182
GST,11997,"Gustavus, AK",2,5.268691588785047,6.221962617,1.2452830188679245,8.132075471698114,7.660377358490566,23.641509433962263
MMH,13388,"Mammoth Lakes, CA",1,28.100502512562816,24.07537688442211,24.632653061224488,28.979591836734695,13.612244897959183,28.142857142857142
BFM,10562,"Mobile, AL",2,15.275,10.575,0,51.6,8.8,20
HVN,12244,"New Haven, CT",2,9.643493761,10.183600713012478,0,47.18181818181818,10.977272727272727,66.52272727272727
